Workbook

Sheet サマリ
A1: 年間工数管理サマリ
A2: 対象年 | B2: 2026 | C2: ← クリーム色のセルが入力箇所です
A3: =IF(サマリ!$B$2<>YEAR(TODAY()),"※対象年が本日と異なります",HYPERLINK("#'"&TEXT(TODAY(),"mm")&"月'!A4","▶ 当月（"&TEXT(TODAY(),"m")&"月度）の明細シートを開く")) -> ▶ 当月（8月度）の明細シートを開く
A5: ① 月別工数サマリ
A6: 月 | B6: 実績工数 | C6: 前月差 | D6: 前月比 | E6: 累計
A7: 1月 | B7: =SUM('01月'!$F$4:$F$503) -> 3.5 | C7: - | D7: - | E7: =B7 -> 3.5
A8: 2月 | B8: =SUM('02月'!$F$4:$F$503) -> 0 | C8: =B8-B7 -> -3.5 | D8: =IF(B7=0,"",B8/B7-1) -> -1 | E8: =E7+B8 -> 3.5
A9: 3月 | B9: =SUM('03月'!$F$4:$F$503) -> 0 | C9: =B9-B8 -> 0 | D9: =IF(B8=0,"",B9/B8-1) | E9: =E8+B9 -> 3.5
A10: 4月 | B10: =SUM('04月'!$F$4:$F$503) -> 0 | C10: =B10-B9 -> 0 | D10: =IF(B9=0,"",B10/B9-1) | E10: =E9+B10 -> 3.5
A11: 5月 | B11: =SUM('05月'!$F$4:$F$503) -> 0 | C11: =B11-B10 -> 0 | D11: =IF(B10=0,"",B11/B10-1) | E11: =E10+B11 -> 3.5
A12: 6月 | B12: =SUM('06月'!$F$4:$F$503) -> 0 | C12: =B12-B11 -> 0 | D12: =IF(B11=0,"",B12/B11-1) | E12: =E11+B12 -> 3.5
A13: 7月 | B13: =SUM('07月'!$F$4:$F$503) -> 0 | C13: =B13-B12 -> 0 | D13: =IF(B12=0,"",B13/B12-1) | E13: =E12+B13 -> 3.5
A14: 8月 | B14: =SUM('08月'!$F$4:$F$503) -> 0 | C14: =B14-B13 -> 0 | D14: =IF(B13=0,"",B14/B13-1) | E14: =E13+B14 -> 3.5
A15: 9月 | B15: =SUM('09月'!$F$4:$F$503) -> 0 | C15: =B15-B14 -> 0 | D15: =IF(B14=0,"",B15/B14-1) | E15: =E14+B15 -> 3.5
A16: 10月 | B16: =SUM('10月'!$F$4:$F$503) -> 0 | C16: =B16-B15 -> 0 | D16: =IF(B15=0,"",B16/B15-1) | E16: =E15+B16 -> 3.5
A17: 11月 | B17: =SUM('11月'!$F$4:$F$503) -> 0 | C17: =B17-B16 -> 0 | D17: =IF(B16=0,"",B17/B16-1) | E17: =E16+B17 -> 3.5
A18: 12月 | B18: =SUM('12月'!$F$4:$F$503) -> 0 | C18: =B18-B17 -> 0 | D18: =IF(B17=0,"",B18/B17-1) | E18: =E17+B18 -> 3.5
A19: 年間合計 | B19: =SUM(B7:B18) -> 3.5
A21: ② 内訳別の集計
A22: =HYPERLINK("#'集計_行程'!A4","▶ 集計_行程") -> ▶ 集計_行程 | B22: 行程別（一次保守／改修／事業運用改善 など）
A23: =HYPERLINK("#'集計_タスク1'!A4","▶ 集計_タスク1") -> ▶ 集計_タスク1 | B23: タスク1別（問い合わせ対応／アプリ領域／基盤領域 など）
A24: =HYPERLINK("#'集計_タスク2'!A4","▶ 集計_タスク2") -> ▶ 集計_タスク2 | B24: タスク2別（●●社問い合わせ対応／MTG／実作業 など）
A25: =HYPERLINK("#'集計_担当者'!A4","▶ 集計_担当者") -> ▶ 集計_担当者 | B25: 担当者別
A26: ※各集計シートの項目は工数明細から自動取得されます（マスタ管理は不要です）。

Sheet 集計_行程
A1: 行程別 月次工数
A2: ※水色セルに「数式」シートの数式を貼り付けてください（貼り付け後、水色の塗りつぶしは消して構いません）。項目は明細から自動取得され、行数も自動で伸縮します。
A3: 合計 | B3: {=SUMIFS(統合データ!$F$2:$F$6001,統合データ!$A$2:$A$6001,B4:M4)} -> 3.5 | C3: 0 | D3: 0 | E3: 0 | F3: 0 | G3: 0 | H3: 0 | I3: 0 | J3: 0 | K3: 0 | L3: 0 | M3: 0 | N3: =SUM(統合データ!$F$2:$F$6001) -> 3.5
A4: 行程 | B4: 1 | C4: 2 | D4: 3 | E4: 4 | F4: 5 | G4: 6 | H4: 7 | I4: 8 | J4: 9 | K4: 10 | L4: 11 | M4: 12 | N4: 合計 | O4: 構成比
A5: {=_xlfn._xlws.SORT(_xlfn.UNIQUE(_xlfn._xlws.FILTER(統合データ!$B$2:$B$6001,統合データ!$B$2:$B$6001<>"")))} -> 一次保守 | B5: {=SUMIFS(統合データ!$F$2:$F$6001,統合データ!$B$2:$B$6001,_xlfn.ANCHORARRAY($A5),統合データ!$A$2:$A$6001,B$4:M$4)} -> 3.5 | C5: 0 | D5: 0 | E5: 0 | F5: 0 | G5: 0 | H5: 0 | I5: 0 | J5: 0 | K5: 0 | L5: 0 | M5: 0 | N5: {=SUMIFS(統合データ!$F$2:$F$6001,統合データ!$B$2:$B$6001,_xlfn.ANCHORARRAY($A5))} -> 3.5 | O5: {=IFERROR(_xlfn.ANCHORARRAY(N5)/$N$3,"")} -> 1

Sheet 集計_タスク1
A1: タスク1別 月次工数
A2: ※水色セルに「数式」シートの数式を貼り付けてください（貼り付け後、水色の塗りつぶしは消して構いません）。項目は明細から自動取得され、行数も自動で伸縮します。
A3: 合計 | B3: {=SUMIFS(統合データ!$F$2:$F$6001,統合データ!$A$2:$A$6001,B4:M4)} -> 3.5 | C3: 0 | D3: 0 | E3: 0 | F3: 0 | G3: 0 | H3: 0 | I3: 0 | J3: 0 | K3: 0 | L3: 0 | M3: 0 | N3: =SUM(統合データ!$F$2:$F$6001) -> 3.5
A4: タスク1 | B4: 1 | C4: 2 | D4: 3 | E4: 4 | F4: 5 | G4: 6 | H4: 7 | I4: 8 | J4: 9 | K4: 10 | L4: 11 | M4: 12 | N4: 合計 | O4: 構成比
A5: {=_xlfn._xlws.SORT(_xlfn.UNIQUE(_xlfn._xlws.FILTER(統合データ!$C$2:$C$6001,統合データ!$C$2:$C$6001<>"")))} -> 問い合わせ対応 | B5: {=SUMIFS(統合データ!$F$2:$F$6001,統合データ!$C$2:$C$6001,_xlfn.ANCHORARRAY($A5),統合データ!$A$2:$A$6001,B$4:M$4)} -> 3.5 | C5: 0 | D5: 0 | E5: 0 | F5: 0 | G5: 0 | H5: 0 | I5: 0 | J5: 0 | K5: 0 | L5: 0 | M5: 0 | N5: {=SUMIFS(統合データ!$F$2:$F$6001,統合データ!$C$2:$C$6001,_xlfn.ANCHORARRAY($A5))} -> 3.5 | O5: {=IFERROR(_xlfn.ANCHORARRAY(N5)/$N$3,"")} -> 1

Sheet 集計_タスク2
A1: タスク2別 月次工数
A2: ※水色セルに「数式」シートの数式を貼り付けてください（貼り付け後、水色の塗りつぶしは消して構いません）。項目は明細から自動取得され、行数も自動で伸縮します。
A3: 合計 | B3: {=SUMIFS(統合データ!$F$2:$F$6001,統合データ!$A$2:$A$6001,B4:M4)} -> 3.5 | C3: 0 | D3: 0 | E3: 0 | F3: 0 | G3: 0 | H3: 0 | I3: 0 | J3: 0 | K3: 0 | L3: 0 | M3: 0 | N3: =SUM(統合データ!$F$2:$F$6001) -> 3.5
A4: タスク2 | B4: 1 | C4: 2 | D4: 3 | E4: 4 | F4: 5 | G4: 6 | H4: 7 | I4: 8 | J4: 9 | K4: 10 | L4: 11 | M4: 12 | N4: 合計 | O4: 構成比
A5: {=_xlfn._xlws.SORT(_xlfn.UNIQUE(_xlfn._xlws.FILTER(統合データ!$D$2:$D$6001,統合データ!$D$2:$D$6001<>"")))} -> ●●社問い合わせ対応 | B5: {=SUMIFS(統合データ!$F$2:$F$6001,統合データ!$D$2:$D$6001,_xlfn.ANCHORARRAY($A5),統合データ!$A$2:$A$6001,B$4:M$4)} -> 3.5 | C5: 0 | D5: 0 | E5: 0 | F5: 0 | G5: 0 | H5: 0 | I5: 0 | J5: 0 | K5: 0 | L5: 0 | M5: 0 | N5: {=SUMIFS(統合データ!$F$2:$F$6001,統合データ!$D$2:$D$6001,_xlfn.ANCHORARRAY($A5))} -> 3.5 | O5: {=IFERROR(_xlfn.ANCHORARRAY(N5)/$N$3,"")} -> 1

Sheet 集計_担当者
A1: 担当者別 月次工数
A2: ※水色セルに「数式」シートの数式を貼り付けてください（貼り付け後、水色の塗りつぶしは消して構いません）。項目は明細から自動取得され、行数も自動で伸縮します。
A3: 合計 | B3: {=SUMIFS(統合データ!$F$2:$F$6001,統合データ!$A$2:$A$6001,B4:M4)} -> 3.5 | C3: 0 | D3: 0 | E3: 0 | F3: 0 | G3: 0 | H3: 0 | I3: 0 | J3: 0 | K3: 0 | L3: 0 | M3: 0 | N3: =SUM(統合データ!$F$2:$F$6001) -> 3.5
A4: 担当者 | B4: 1 | C4: 2 | D4: 3 | E4: 4 | F4: 5 | G4: 6 | H4: 7 | I4: 8 | J4: 9 | K4: 10 | L4: 11 | M4: 12 | N4: 合計 | O4: 構成比
A5: {=_xlfn._xlws.SORT(_xlfn.UNIQUE(_xlfn._xlws.FILTER(統合データ!$E$2:$E$6001,統合データ!$E$2:$E$6001<>"")))} -> 山田 | B5: {=SUMIFS(統合データ!$F$2:$F$6001,統合データ!$E$2:$E$6001,_xlfn.ANCHORARRAY($A5),統合データ!$A$2:$A$6001,B$4:M$4)} -> 3.5 | C5: 0 | D5: 0 | E5: 0 | F5: 0 | G5: 0 | H5: 0 | I5: 0 | J5: 0 | K5: 0 | L5: 0 | M5: 0 | N5: {=SUMIFS(統合データ!$F$2:$F$6001,統合データ!$E$2:$E$6001,_xlfn.ANCHORARRAY($A5))} -> 3.5 | O5: {=IFERROR(_xlfn.ANCHORARRAY(N5)/$N$3,"")} -> 1

Sheet 01月
A1: 1月度 工数明細 | C1: =IF(AND(サマリ!$B$2=YEAR(TODAY()),MONTH(TODAY())=1),"★ 当月","") | E1: 月合計 | F1: =SUM(F4:F503) -> 3.5
A2: ※4行目〜503行目に明細を貼り付けてください（合計行はその下）。日付はYYYYMM形式（例：202601）。
A3: 日付 | B3: 行程 | C3: タスク1 | D3: タスク2 | E3: タスク3 | F3: 工数 | G3: 担当者 | H3: 備考
A4: 202601 | B4: 一次保守 | C4: 問い合わせ対応 | D4: ●●社問い合わせ対応 | E4: 自社内 | F4: 3.5 | G4: 山田 | H4: ※記入例。上書きして使ってください
E505: 合計 | F505: =SUM(F4:F503) -> 3.5

Sheet 02月
A1: 2月度 工数明細 | C1: =IF(AND(サマリ!$B$2=YEAR(TODAY()),MONTH(TODAY())=2),"★ 当月","") | E1: 月合計 | F1: =SUM(F4:F503) -> 0
A2: ※4行目〜503行目に明細を貼り付けてください（合計行はその下）。日付はYYYYMM形式（例：202601）。
A3: 日付 | B3: 行程 | C3: タスク1 | D3: タスク2 | E3: タスク3 | F3: 工数 | G3: 担当者 | H3: 備考
E505: 合計 | F505: =SUM(F4:F503) -> 0

Sheet 03月
A1: 3月度 工数明細 | C1: =IF(AND(サマリ!$B$2=YEAR(TODAY()),MONTH(TODAY())=3),"★ 当月","") | E1: 月合計 | F1: =SUM(F4:F503) -> 0
A2: ※4行目〜503行目に明細を貼り付けてください（合計行はその下）。日付はYYYYMM形式（例：202601）。
A3: 日付 | B3: 行程 | C3: タスク1 | D3: タスク2 | E3: タスク3 | F3: 工数 | G3: 担当者 | H3: 備考
E505: 合計 | F505: =SUM(F4:F503) -> 0

Sheet 04月
A1: 4月度 工数明細 | C1: =IF(AND(サマリ!$B$2=YEAR(TODAY()),MONTH(TODAY())=4),"★ 当月","") | E1: 月合計 | F1: =SUM(F4:F503) -> 0
A2: ※4行目〜503行目に明細を貼り付けてください（合計行はその下）。日付はYYYYMM形式（例：202601）。
A3: 日付 | B3: 行程 | C3: タスク1 | D3: タスク2 | E3: タスク3 | F3: 工数 | G3: 担当者 | H3: 備考
E505: 合計 | F505: =SUM(F4:F503) -> 0

Sheet 05月
A1: 5月度 工数明細 | C1: =IF(AND(サマリ!$B$2=YEAR(TODAY()),MONTH(TODAY())=5),"★ 当月","") | E1: 月合計 | F1: =SUM(F4:F503) -> 0
A2: ※4行目〜503行目に明細を貼り付けてください（合計行はその下）。日付はYYYYMM形式（例：202601）。
A3: 日付 | B3: 行程 | C3: タスク1 | D3: タスク2 | E3: タスク3 | F3: 工数 | G3: 担当者 | H3: 備考
E505: 合計 | F505: =SUM(F4:F503) -> 0

Sheet 06月
A1: 6月度 工数明細 | C1: =IF(AND(サマリ!$B$2=YEAR(TODAY()),MONTH(TODAY())=6),"★ 当月","") | E1: 月合計 | F1: =SUM(F4:F503) -> 0
A2: ※4行目〜503行目に明細を貼り付けてください（合計行はその下）。日付はYYYYMM形式（例：202601）。
A3: 日付 | B3: 行程 | C3: タスク1 | D3: タスク2 | E3: タスク3 | F3: 工数 | G3: 担当者 | H3: 備考
E505: 合計 | F505: =SUM(F4:F503) -> 0

Sheet 07月
A1: 7月度 工数明細 | C1: =IF(AND(サマリ!$B$2=YEAR(TODAY()),MONTH(TODAY())=7),"★ 当月","") | E1: 月合計 | F1: =SUM(F4:F503) -> 0
A2: ※4行目〜503行目に明細を貼り付けてください（合計行はその下）。日付はYYYYMM形式（例：202601）。
A3: 日付 | B3: 行程 | C3: タスク1 | D3: タスク2 | E3: タスク3 | F3: 工数 | G3: 担当者 | H3: 備考
E505: 合計 | F505: =SUM(F4:F503) -> 0

Sheet 08月
A1: 8月度 工数明細 | C1: =IF(AND(サマリ!$B$2=YEAR(TODAY()),MONTH(TODAY())=8),"★ 当月","") -> ★ 当月 | E1: 月合計 | F1: =SUM(F4:F503) -> 0
A2: ※4行目〜503行目に明細を貼り付けてください（合計行はその下）。日付はYYYYMM形式（例：202601）。
A3: 日付 | B3: 行程 | C3: タスク1 | D3: タスク2 | E3: タスク3 | F3: 工数 | G3: 担当者 | H3: 備考
E505: 合計 | F505: =SUM(F4:F503) -> 0

Sheet 09月
A1: 9月度 工数明細 | C1: =IF(AND(サマリ!$B$2=YEAR(TODAY()),MONTH(TODAY())=9),"★ 当月","") | E1: 月合計 | F1: =SUM(F4:F503) -> 0
A2: ※4行目〜503行目に明細を貼り付けてください（合計行はその下）。日付はYYYYMM形式（例：202601）。
A3: 日付 | B3: 行程 | C3: タスク1 | D3: タスク2 | E3: タスク3 | F3: 工数 | G3: 担当者 | H3: 備考
E505: 合計 | F505: =SUM(F4:F503) -> 0

Sheet 10月
A1: 10月度 工数明細 | C1: =IF(AND(サマリ!$B$2=YEAR(TODAY()),MONTH(TODAY())=10),"★ 当月","") | E1: 月合計 | F1: =SUM(F4:F503) -> 0
A2: ※4行目〜503行目に明細を貼り付けてください（合計行はその下）。日付はYYYYMM形式（例：202601）。
A3: 日付 | B3: 行程 | C3: タスク1 | D3: タスク2 | E3: タスク3 | F3: 工数 | G3: 担当者 | H3: 備考
E505: 合計 | F505: =SUM(F4:F503) -> 0

Sheet 11月
A1: 11月度 工数明細 | C1: =IF(AND(サマリ!$B$2=YEAR(TODAY()),MONTH(TODAY())=11),"★ 当月","") | E1: 月合計 | F1: =SUM(F4:F503) -> 0
A2: ※4行目〜503行目に明細を貼り付けてください（合計行はその下）。日付はYYYYMM形式（例：202601）。
A3: 日付 | B3: 行程 | C3: タスク1 | D3: タスク2 | E3: タスク3 | F3: 工数 | G3: 担当者 | H3: 備考
E505: 合計 | F505: =SUM(F4:F503) -> 0

Sheet 12月
A1: 12月度 工数明細 | C1: =IF(AND(サマリ!$B$2=YEAR(TODAY()),MONTH(TODAY())=12),"★ 当月","") | E1: 月合計 | F1: =SUM(F4:F503) -> 0
A2: ※4行目〜503行目に明細を貼り付けてください（合計行はその下）。日付はYYYYMM形式（例：202601）。
A3: 日付 | B3: 行程 | C3: タスク1 | D3: タスク2 | E3: タスク3 | F3: 工数 | G3: 担当者 | H3: 備考
E505: 合計 | F505: =SUM(F4:F503) -> 0

Sheet 数式
A1: 貼り付け用の数式
A2: 各集計シートの水色セルに、下の数式をそのままコピー＆ペーストしてください。必ず A5 → B5 → N5 → O5 → B3 → N3 の順で貼ってください。
A3: ※Microsoft 365 / Excel 2021 以降が必要です（UNIQUE・SORT・FILTER・スピル対応のSUMIFS）。
A5: ■ 集計_行程
A6: 貼り付け先 | B6: 内容 | C6: 数式
A7: A5 | B7: 項目一覧（重複なし・自動展開） | C7: {=_xlfn._xlws.SORT(_xlfn.UNIQUE(_xlfn._xlws.FILTER(統合データ!$B$2:$B$6001,統合データ!$B$2:$B$6001<>"")))} -> 一次保守
A8: B5 | B8: 1月〜12月の工数（12列に自動展開） | C8: =SUMIFS(統合データ!$F$2:$F$6001,統合データ!$B$2:$B$6001,$A5#,統合データ!$A$2:$A$6001,B$4:M$4)
A9: N5 | B9: 行合計 | C9: =SUMIFS(統合データ!$F$2:$F$6001,統合データ!$B$2:$B$6001,$A5#)
A10: O5 | B10: 構成比 | C10: =IFERROR(N5#/$N$3,"")
A11: B3 | B11: 月別合計（12列に自動展開） | C11: =SUMIFS(統合データ!$F$2:$F$6001,統合データ!$A$2:$A$6001,B4:M4)
A12: N3 | B12: 総合計 | C12: =SUM(統合データ!$F$2:$F$6001)
A14: ■ 集計_タスク1
A15: 貼り付け先 | B15: 内容 | C15: 数式
A16: A5 | B16: 項目一覧（重複なし・自動展開） | C16: =SORT(UNIQUE(FILTER(統合データ!$C$2:$C$6001,統合データ!$C$2:$C$6001<>"")))
A17: B5 | B17: 1月〜12月の工数（12列に自動展開） | C17: =SUMIFS(統合データ!$F$2:$F$6001,統合データ!$C$2:$C$6001,$A5#,統合データ!$A$2:$A$6001,B$4:M$4)
A18: N5 | B18: 行合計 | C18: =SUMIFS(統合データ!$F$2:$F$6001,統合データ!$C$2:$C$6001,$A5#)
A19: O5 | B19: 構成比 | C19: =IFERROR(N5#/$N$3,"")
A20: B3 | B20: 月別合計（12列に自動展開） | C20: =SUMIFS(統合データ!$F$2:$F$6001,統合データ!$A$2:$A$6001,B4:M4)
A21: N3 | B21: 総合計 | C21: =SUM(統合データ!$F$2:$F$6001)
A23: ■ 集計_タスク2
A24: 貼り付け先 | B24: 内容 | C24: 数式
A25: A5 | B25: 項目一覧（重複なし・自動展開） | C25: =SORT(UNIQUE(FILTER(統合データ!$D$2:$D$6001,統合データ!$D$2:$D$6001<>"")))
A26: B5 | B26: 1月〜12月の工数（12列に自動展開） | C26: =SUMIFS(統合データ!$F$2:$F$6001,統合データ!$D$2:$D$6001,$A5#,統合データ!$A$2:$A$6001,B$4:M$4)
A27: N5 | B27: 行合計 | C27: =SUMIFS(統合データ!$F$2:$F$6001,統合データ!$D$2:$D$6001,$A5#)
A28: O5 | B28: 構成比 | C28: =IFERROR(N5#/$N$3,"")
A29: B3 | B29: 月別合計（12列に自動展開） | C29: =SUMIFS(統合データ!$F$2:$F$6001,統合データ!$A$2:$A$6001,B4:M4)
A30: N3 | B30: 総合計 | C30: =SUM(統合データ!$F$2:$F$6001)
A32: ■ 集計_担当者
A33: 貼り付け先 | B33: 内容 | C33: 数式
A34: A5 | B34: 項目一覧（重複なし・自動展開） | C34: =SORT(UNIQUE(FILTER(統合データ!$E$2:$E$6001,統合データ!$E$2:$E$6001<>"")))
A35: B5 | B35: 1月〜12月の工数（12列に自動展開） | C35: =SUMIFS(統合データ!$F$2:$F$6001,統合データ!$E$2:$E$6001,$A5#,統合データ!$A$2:$A$6001,B$4:M$4)
A36: N5 | B36: 行合計 | C36: =SUMIFS(統合データ!$F$2:$F$6001,統合データ!$E$2:$E$6001,$A5#)
A37: O5 | B37: 構成比 | C37: =IFERROR(N5#/$N$3,"")
A38: B3 | B38: 月別合計（12列に自動展開） | C38: =SUMIFS(統合データ!$F$2:$F$6001,統合データ!$A$2:$A$6001,B4:M4)
A39: N3 | B39: 総合計 | C39: =SUM(統合データ!$F$2:$F$6001)
A41: 【コツ】集計_行程 に6本貼り終えたら、A3:O5 をコピーして他の3シートの同じ位置に貼り、
A42: そのシート内で「検索と置換」を使い、$B$2:$B$6001 を $C$2:$C$6001（タスク1）などに置き換える方が早いです。
A43: 対応：行程=B列 / タスク1=C列 / タスク2=D列 / 担当者=E列（統合データシートの列）

Sheet 使い方
A1: 年間工数管理ファイル 使い方
A3: 【最初に1度だけ行う設定】
A4: 「数式」シートを開き、4つの集計シート（集計_行程／集計_タスク1／集計_タスク2／集計_担当者）の水色セルに数式を貼り付けます。
A5: 貼り付け順は A5 → B5 → N5 → O5 → B3 → N3 です（A5の結果を他の数式が参照するため）。
A6: 1シート貼り終えたら A3:O5 をコピーして他シートに貼り、「検索と置換」で参照列を変える方法が早いです（詳細は数式シート下部）。
A7: ※Microsoft 365 / Excel 2021 以降が必要です。それ以前のバージョンではスピルが動作しません。
A9: 【毎月の作業】
A10: 1. 社内システムから当月の工数明細を出力する。
A11: 2. 該当月シートのA4セルを選び、「値のみ貼り付け」で明細を貼り付ける。
A12: 列の順序：日付／行程／タスク1／タスク2／タスク3／工数／担当者／備考
A13: 日付はYYYYMM形式（例：202601）で入力してください。
A14: 3. 以上で完了です。集計シートの項目・行数・グラフはすべて自動更新されます。
... A46: このファイルをコピーし、各月シートの4〜503行目を削除、サマリB2の年を変更すれば再利用できます。

Sheet 統合データ
A1: 月 | B1: 行程 | C1: タスク1 | D1: タスク2 | E1: 担当者 | F1: 工数 | H1: ※このシートは各月シートを縦に連結した集計用の作業データです。編集しないでください。
A2: 1 | B2: =IF('01月'!B4="","",'01月'!B4) -> 一次保守 | C2: =IF('01月'!C4="","",'01月'!C4) -> 問い合わせ対応 | D2: =IF('01月'!D4="","",'01月'!D4) -> ●●社問い合わせ対応 | E2: =IF('01月'!G4="","",'01月'!G4) -> 山田 | F2: =IF('01月'!F4="",0,'01月'!F4) -> 3.5
A3: 1 | B3: =IF('01月'!B5="","",'01月'!B5) | C3: =IF('01月'!C5="","",'01月'!C5) | D3: =IF('01月'!D5="","",'01月'!D5) | E3: =IF('01月'!G5="","",'01月'!G5) | F3: =IF('01月'!F5="",0,'01月'!F5) -> 0
A4: 1 | B4: =IF('01月'!B6="","",'01月'!B6) | C4: =IF('01月'!C6="","",'01月'!C6) | D4: =IF('01月'!D6="","",'01月'!D6) | E4: =IF('01月'!G6="","",'01月'!G6) | F4: =IF('01月'!F6="",0,'01月'!F6) -> 0
A5: 1 | B5: =IF('01月'!B7="","",'01月'!B7) | C5: =IF('01月'!C7="","",'01月'!C7) | D5: =IF('01月'!D7="","",'01月'!D7) | E5: =IF('01月'!G7="","",'01月'!G7) | F5: =IF('01月'!F7="",0,'01月'!F7) -> 0
A6: 1 | B6: =IF('01月'!B8="","",'01月'!B8) | C6: =IF('01月'!C8="","",'01月'!C8) | D6: =IF('01月'!D8="","",'01月'!D8) | E6: =IF('01月'!G8="","",'01月'!G8) | F6: =IF('01月'!F8="",0,'01月'!F8) -> 0
A7: 1 | B7: =IF('01月'!B9="","",'01月'!B9) | C7: =IF('01月'!C9="","",'01月'!C9) | D7: =IF('01月'!D9="","",'01月'!D9) | E7: =IF('01月'!G9="","",'01月'!G9) | F7: =IF('01月'!F9="",0,'01月'!F9) -> 0
A8: 1 | B8: =IF('01月'!B10="","",'01月'!B10) | C8: =IF('01月'!C10="","",'01月'!C10) | D8: =IF('01月'!D10="","",'01月'!D10) | E8: =IF('01月'!G10="","",'01月'!G10) | F8: =IF('01月'!F10="",0,'01月'!F10) -> 0
A9: 1 | B9: =IF('01月'!B11="","",'01月'!B11) | C9: =IF('01月'!C11="","",'01月'!C11) | D9: =IF('01月'!D11="","",'01月'!D11) | E9: =IF('01月'!G11="","",'01月'!G11) | F9: =IF('01月'!F11="",0,'01月'!F11) -> 0
A10: 1 | B10: =IF('01月'!B12="","",'01月'!B12) | C10: =IF('01月'!C12="","",'01月'!C12) | D10: =IF('01月'!D12="","",'01月'!D12) | E10: =IF('01月'!G12="","",'01月'!G12) | F10: =IF('01月'!F12="",0,'01月'!F12) -> 0
A11: 1 | B11: =IF('01月'!B13="","",'01月'!B13) | C11: =IF('01月'!C13="","",'01月'!C13) | D11: =IF('01月'!D13="","",'01月'!D13) | E11: =IF('01月'!G13="","",'01月'!G13) | F11: =IF('01月'!F13="",0,'01月'!F13) -> 0
A12: 1 | B12: =IF('01月'!B14="","",'01月'!B14) | C12: =IF('01月'!C14="","",'01月'!C14) | D12: =IF('01月'!D14="","",'01月'!D14) | E12: =IF('01月'!G14="","",'01月'!G14) | F12: =IF('01月'!F14="",0,'01月'!F14) -> 0
A13: 1 | B13: =IF('01月'!B15="","",'01月'!B15) | C13: =IF('01月'!C15="","",'01月'!C15) | D13: =IF('01月'!D15="","",'01月'!D15) | E13: =IF('01月'!G15="","",'01月'!G15) | F13: =IF('01月'!F15="",0,'01月'!F15) -> 0
... A501: 1 | B501: =IF('01月'!B503="","",'01月'!B503) | C501: =IF('01月'!C503="","",'01月'!C503) | D501: =IF('01月'!D503="","",'01月'!D503) | E501: =IF('01月'!G503="","",'01月'!G503) | F501: =IF('01月'!F503="",0,'01月'!F503) -> 0
A502: 2 | B502: =IF('02月'!B4="","",'02月'!B4) | C502: =IF('02月'!C4="","",'02月'!C4) | D502: =IF('02月'!D4="","",'02月'!D4) | E502: =IF('02月'!G4="","",'02月'!G4) | F502: =IF('02月'!F4="",0,'02月'!F4) -> 0
A503: 2 | B503: =IF('02月'!B5="","",'02月'!B5) | C503: =IF('02月'!C5="","",'02月'!C5) | D503: =IF('02月'!D5="","",'02月'!D5) | E503: =IF('02月'!G5="","",'02月'!G5) | F503: =IF('02月'!F5="",0,'02月'!F5) -> 0
A504: 2 | B504: =IF('02月'!B6="","",'02月'!B6) | C504: =IF('02月'!C6="","",'02月'!C6) | D504: =IF('02月'!D6="","",'02月'!D6) | E504: =IF('02月'!G6="","",'02月'!G6) | F504: =IF('02月'!F6="",0,'02月'!F6) -> 0
A505: 2 | B505: =IF('02月'!B7="","",'02月'!B7) | C505: =IF('02月'!C7="","",'02月'!C7) | D505: =IF('02月'!D7="","",'02月'!D7) | E505: =IF('02月'!G7="","",'02月'!G7) | F505: =IF('02月'!F7="",0,'02月'!F7) -> 0
A506: 2 | B506: =IF('02月'!B8="","",'02月'!B8) | C506: =IF('02月'!C8="","",'02月'!C8) | D506: =IF('02月'!D8="","",'02月'!D8) | E506: =IF('02月'!G8="","",'02月'!G8) | F506: =IF('02月'!F8="",0,'02月'!F8) -> 0
A507: 2 | B507: =IF('02月'!B9="","",'02月'!B9) | C507: =IF('02月'!C9="","",'02月'!C9) | D507: =IF('02月'!D9="","",'02月'!D9) | E507: =IF('02月'!G9="","",'02月'!G9) | F507: =IF('02月'!F9="",0,'02月'!F9) -> 0
A508: 2 | B508: =IF('02月'!B10="","",'02月'!B10) | C508: =IF('02月'!C10="","",'02月'!C10) | D508: =IF('02月'!D10="","",'02月'!D10) | E508: =IF('02月'!G10="","",'02月'!G10) | F508: =IF('02月'!F10="",0,'02月'!F10) -> 0
A509: 2 | B509: =IF('02月'!B11="","",'02月'!B11) | C509: =IF('02月'!C11="","",'02月'!C11) | D509: =IF('02月'!D11="","",'02月'!D11) | E509: =IF('02月'!G11="","",'02月'!G11) | F509: =IF('02月'!F11="",0,'02月'!F11) -> 0
A510: 2 | B510: =IF('02月'!B12="","",'02月'!B12) | C510: =IF('02月'!C12="","",'02月'!C12) | D510: =IF('02月'!D12="","",'02月'!D12) | E510: =IF('02月'!G12="","",'02月'!G12) | F510: =IF('02月'!F12="",0,'02月'!F12) -> 0
A511: 2 | B511: =IF('02月'!B13="","",'02月'!B13) | C511: =IF('02月'!C13="","",'02月'!C13) | D511: =IF('02月'!D13="","",'02月'!D13) | E511: =IF('02月'!G13="","",'02月'!G13) | F511: =IF('02月'!F13="",0,'02月'!F13) -> 0
A512: 2 | B512: =IF('02月'!B14="","",'02月'!B14) | C512: =IF('02月'!C14="","",'02月'!C14) | D512: =IF('02月'!D14="","",'02月'!D14) | E512: =IF('02月'!G14="","",'02月'!G14) | F512: =IF('02月'!F14="",0,'02月'!F14) -> 0
A513: 2 | B513: =IF('02月'!B15="","",'02月'!B15) | C513: =IF('02月'!C15="","",'02月'!C15) | D513: =IF('02月'!D15="","",'02月'!D15) | E513: =IF('02月'!G15="","",'02月'!G15) | F513: =IF('02月'!F15="",0,'02月'!F15) -> 0
... A1001: 2 | B1001: =IF('02月'!B503="","",'02月'!B503) | C1001: =IF('02月'!C503="","",'02月'!C503) | D1001: =IF('02月'!D503="","",'02月'!D503) | E1001: =IF('02月'!G503="","",'02月'!G503) | F1001: =IF('02月'!F503="",0,'02月'!F503) -> 0
A1002: 3 | B1002: =IF('03月'!B4="","",'03月'!B4) | C1002: =IF('03月'!C4="","",'03月'!C4) | D1002: =IF('03月'!D4="","",'03月'!D4) | E1002: =IF('03月'!G4="","",'03月'!G4) | F1002: =IF('03月'!F4="",0,'03月'!F4) -> 0
A1003: 3 | B1003: =IF('03月'!B5="","",'03月'!B5) | C1003: =IF('03月'!C5="","",'03月'!C5) | D1003: =IF('03月'!D5="","",'03月'!D5) | E1003: =IF('03月'!G5="","",'03月'!G5) | F1003: =IF('03月'!F5="",0,'03月'!F5) -> 0
A1004: 3 | B1004: =IF('03月'!B6="","",'03月'!B6) | C1004: =IF('03月'!C6="","",'03月'!C6) | D1004: =IF('03月'!D6="","",'03月'!D6) | E1004: =IF('03月'!G6="","",'03月'!G6) | F1004: =IF('03月'!F6="",0,'03月'!F6) -> 0
A1005: 3 | B1005: =IF('03月'!B7="","",'03月'!B7) | C1005: =IF('03月'!C7="","",'03月'!C7) | D1005: =IF('03月'!D7="","",'03月'!D7) | E1005: =IF('03月'!G7="","",'03月'!G7) | F1005: =IF('03月'!F7="",0,'03月'!F7) -> 0
A1006: 3 | B1006: =IF('03月'!B8="","",'03月'!B8) | C1006: =IF('03月'!C8="","",'03月'!C8) | D1006: =IF('03月'!D8="","",'03月'!D8) | E1006: =IF('03月'!G8="","",'03月'!G8) | F1006: =IF('03月'!F8="",0,'03月'!F8) -> 0
A1007: 3 | B1007: =IF('03月'!B9="","",'03月'!B9) | C1007: =IF('03月'!C9="","",'03月'!C9) | D1007: =IF('03月'!D9="","",'03月'!D9) | E1007: =IF('03月'!G9="","",'03月'!G9) | F1007: =IF('03月'!F9="",0,'03月'!F9) -> 0
A1008: 3 | B1008: =IF('03月'!B10="","",'03月'!B10) | C1008: =IF('03月'!C10="","",'03月'!C10) | D1008: =IF('03月'!D10="","",'03月'!D10) | E1008: =IF('03月'!G10="","",'03月'!G10) | F1008: =IF('03月'!F10="",0,'03月'!F10) -> 0
A1009: 3 | B1009: =IF('03月'!B11="","",'03月'!B11) | C1009: =IF('03月'!C11="","",'03月'!C11) | D1009: =IF('03月'!D11="","",'03月'!D11) | E1009: =IF('03月'!G11="","",'03月'!G11) | F1009: =IF('03月'!F11="",0,'03月'!F11) -> 0
A1010: 3 | B1010: =IF('03月'!B12="","",'03月'!B12) | C1010: =IF('03月'!C12="","",'03月'!C12) | D1010: =IF('03月'!D12="","",'03月'!D12) | E1010: =IF('03月'!G12="","",'03月'!G12) | F1010: =IF('03月'!F12="",0,'03月'!F12) -> 0
A1011: 3 | B1011: =IF('03月'!B13="","",'03月'!B13) | C1011: =IF('03月'!C13="","",'03月'!C13) | D1011: =IF('03月'!D13="","",'03月'!D13) | E1011: =IF('03月'!G13="","",'03月'!G13) | F1011: =IF('03月'!F13="",0,'03月'!F13) -> 0
A1012: 3 | B1012: =IF('03月'!B14="","",'03月'!B14) | C1012: =IF('03月'!C14="","",'03月'!C14) | D1012: =IF('03月'!D14="","",'03月'!D14) | E1012: =IF('03月'!G14="","",'03月'!G14) | F1012: =IF('03月'!F14="",0,'03月'!F14) -> 0
A1013: 3 | B1013: =IF('03月'!B15="","",'03月'!B15) | C1013: =IF('03月'!C15="","",'03月'!C15) | D1013: =IF('03月'!D15="","",'03月'!D15) | E1013: =IF('03月'!G15="","",'03月'!G15) | F1013: =IF('03月'!F15="",0,'03月'!F15) -> 0
... A1501: 3 | B1501: =IF('03月'!B503="","",'03月'!B503) | C1501: =IF('03月'!C503="","",'03月'!C503) | D1501: =IF('03月'!D503="","",'03月'!D503) | E1501: =IF('03月'!G503="","",'03月'!G503) | F1501: =IF('03月'!F503="",0,'03月'!F503) -> 0
A1502: 4 | B1502: =IF('04月'!B4="","",'04月'!B4) | C1502: =IF('04月'!C4="","",'04月'!C4) | D1502: =IF('04月'!D4="","",'04月'!D4) | E1502: =IF('04月'!G4="","",'04月'!G4) | F1502: =IF('04月'!F4="",0,'04月'!F4) -> 0
A1503: 4 | B1503: =IF('04月'!B5="","",'04月'!B5) | C1503: =IF('04月'!C5="","",'04月'!C5) | D1503: =IF('04月'!D5="","",'04月'!D5) | E1503: =IF('04月'!G5="","",'04月'!G5) | F1503: =IF('04月'!F5="",0,'04月'!F5) -> 0
A1504: 4 | B1504: =IF('04月'!B6="","",'04月'!B6) | C1504: =IF('04月'!C6="","",'04月'!C6) | D1504: =IF('04月'!D6="","",'04月'!D6) | E1504: =IF('04月'!G6="","",'04月'!G6) | F1504: =IF('04月'!F6="",0,'04月'!F6) -> 0
A1505: 4 | B1505: =IF('04月'!B7="","",'04月'!B7) | C1505: =IF('04月'!C7="","",'04月'!C7) | D1505: =IF('04月'!D7="","",'04月'!D7) | E1505: =IF('04月'!G7="","",'04月'!G7) | F1505: =IF('04月'!F7="",0,'04月'!F7) -> 0
A1506: 4 | B1506: =IF('04月'!B8="","",'04月'!B8) | C1506: =IF('04月'!C8="","",'04月'!C8) | D1506: =IF('04月'!D8="","",'04月'!D8) | E1506: =IF('04月'!G8="","",'04月'!G8) | F1506: =IF('04月'!F8="",0,'04月'!F8) -> 0
A1507: 4 | B1507: =IF('04月'!B9="","",'04月'!B9) | C1507: =IF('04月'!C9="","",'04月'!C9) | D1507: =IF('04月'!D9="","",'04月'!D9) | E1507: =IF('04月'!G9="","",'04月'!G9) | F1507: =IF('04月'!F9="",0,'04月'!F9) -> 0
A1508: 4 | B1508: =IF('04月'!B10="","",'04月'!B10) | C1508: =IF('04月'!C10="","",'04月'!C10) | D1508: =IF('04月'!D10="","",'04月'!D10) | E1508: =IF('04月'!G10="","",'04月'!G10) | F1508: =IF('04月'!F10="",0,'04月'!F10) -> 0
A1509: 4 | B1509: =IF('04月'!B11="","",'04月'!B11) | C1509: =IF('04月'!C11="","",'04月'!C11) | D1509: =IF('04月'!D11="","",'04月'!D11) | E1509: =IF('04月'!G11="","",'04月'!G11) | F1509: =IF('04月'!F11="",0,'04月'!F11) -> 0
A1510: 4 | B1510: =IF('04月'!B12="","",'04月'!B12) | C1510: =IF('04月'!C12="","",'04月'!C12) | D1510: =IF('04月'!D12="","",'04月'!D12) | E1510: =IF('04月'!G12="","",'04月'!G12) | F1510: =IF('04月'!F12="",0,'04月'!F12) -> 0
A1511: 4 | B1511: =IF('04月'!B13="","",'04月'!B13) | C1511: =IF('04月'!C13="","",'04月'!C13) | D1511: =IF('04月'!D13="","",'04月'!D13) | E1511: =IF('04月'!G13="","",'04月'!G13) | F1511: =IF('04月'!F13="",0,'04月'!F13) -> 0
A1512: 4 | B1512: =IF('04月'!B14="","",'04月'!B14) | C1512: =IF('04月'!C14="","",'04月'!C14) | D1512: =IF('04月'!D14="","",'04月'!D14) | E1512: =IF('04月'!G14="","",'04月'!G14) | F1512: =IF('04月'!F14="",0,'04月'!F14) -> 0
A1513: 4 | B1513: =IF('04月'!B15="","",'04月'!B15) | C1513: =IF('04月'!C15="","",'04月'!C15) | D1513: =IF('04月'!D15="","",'04月'!D15) | E1513: =IF('04月'!G15="","",'04月'!G15) | F1513: =IF('04月'!F15="",0,'04月'!F15) -> 0
... A2001: 4 | B2001: =IF('04月'!B503="","",'04月'!B503) | C2001: =IF('04月'!C503="","",'04月'!C503) | D2001: =IF('04月'!D503="","",'04月'!D503) | E2001: =IF('04月'!G503="","",'04月'!G503) | F2001: =IF('04月'!F503="",0,'04月'!F503) -> 0
A2002: 5 | B2002: =IF('05月'!B4="","",'05月'!B4) | C2002: =IF('05月'!C4="","",'05月'!C4) | D2002: =IF('05月'!D4="","",'05月'!D4) | E2002: =IF('05月'!G4="","",'05月'!G4) | F2002: =IF('05月'!F4="",0,'05月'!F4) -> 0
A2003: 5 | B2003: =IF('05月'!B5="","",'05月'!B5) | C2003: =IF('05月'!C5="","",'05月'!C5) | D2003: =IF('05月'!D5="","",'05月'!D5) | E2003: =IF('05月'!G5="","",'05月'!G5) | F2003: =IF('05月'!F5="",0,'05月'!F5) -> 0
A2004: 5 | B2004: =IF('05月'!B6="","",'05月'!B6) | C2004: =IF('05月'!C6="","",'05月'!C6) | D2004: =IF('05月'!D6="","",'05月'!D6) | E2004: =IF('05月'!G6="","",'05月'!G6) | F2004: =IF('05月'!F6="",0,'05月'!F6) -> 0
A2005: 5 | B2005: =IF('05月'!B7="","",'05月'!B7) | C2005: =IF('05月'!C7="","",'05月'!C7) | D2005: =IF('05月'!D7="","",'05月'!D7) | E2005: =IF('05月'!G7="","",'05月'!G7) | F2005: =IF('05月'!F7="",0,'05月'!F7) -> 0
A2006: 5 | B2006: =IF('05月'!B8="","",'05月'!B8) | C2006: =IF('05月'!C8="","",'05月'!C8) | D2006: =IF('05月'!D8="","",'05月'!D8) | E2006: =IF('05月'!G8="","",'05月'!G8) | F2006: =IF('05月'!F8="",0,'05月'!F8) -> 0
A2007: 5 | B2007: =IF('05月'!B9="","",'05月'!B9) | C2007: =IF('05月'!C9="","",'05月'!C9) | D2007: =IF('05月'!D9="","",'05月'!D9) | E2007: =IF('05月'!G9="","",'05月'!G9) | F2007: =IF('05月'!F9="",0,'05月'!F9) -> 0
A2008: 5 | B2008: =IF('05月'!B10="","",'05月'!B10) | C2008: =IF('05月'!C10="","",'05月'!C10) | D2008: =IF('05月'!D10="","",'05月'!D10) | E2008: =IF('05月'!G10="","",'05月'!G10) | F2008: =IF('05月'!F10="",0,'05月'!F10) -> 0
A2009: 5 | B2009: =IF('05月'!B11="","",'05月'!B11) | C2009: =IF('05月'!C11="","",'05月'!C11) | D2009: =IF('05月'!D11="","",'05月'!D11) | E2009: =IF('05月'!G11="","",'05月'!G11) | F2009: =IF('05月'!F11="",0,'05月'!F11) -> 0
A2010: 5 | B2010: =IF('05月'!B12="","",'05月'!B12) | C2010: =IF('05月'!C12="","",'05月'!C12) | D2010: =IF('05月'!D12="","",'05月'!D12) | E2010: =IF('05月'!G12="","",'05月'!G12) | F2010: =IF('05月'!F12="",0,'05月'!F12) -> 0
A2011: 5 | B2011: =IF('05月'!B13="","",'05月'!B13) | C2011: =IF('05月'!C13="","",'05月'!C13) | D2011: =IF('05月'!D13="","",'05月'!D13) | E2011: =IF('05月'!G13="","",'05月'!G13) | F2011: =IF('05月'!F13="",0,'05月'!F13) -> 0
A2012: 5 | B2012: =IF('05月'!B14="","",'05月'!B14) | C2012: =IF('05月'!C14="","",'05月'!C14) | D2012: =IF('05月'!D14="","",'05月'!D14) | E2012: =IF('05月'!G14="","",'05月'!G14) | F2012: =IF('05月'!F14="",0,'05月'!F14) -> 0
A2013: 5 | B2013: =IF('05月'!B15="","",'05月'!B15) | C2013: =IF('05月'!C15="","",'05月'!C15) | D2013: =IF('05月'!D15="","",'05月'!D15) | E2013: =IF('05月'!G15="","",'05月'!G15) | F2013: =IF('05月'!F15="",0,'05月'!F15) -> 0
... A2501: 5 | B2501: =IF('05月'!B503="","",'05月'!B503) | C2501: =IF('05月'!C503="","",'05月'!C503) | D2501: =IF('05月'!D503="","",'05月'!D503) | E2501: =IF('05月'!G503="","",'05月'!G503) | F2501: =IF('05月'!F503="",0,'05月'!F503) -> 0
A2502: 6 | B2502: =IF('06月'!B4="","",'06月'!B4) | C2502: =IF('06月'!C4="","",'06月'!C4) | D2502: =IF('06月'!D4="","",'06月'!D4) | E2502: =IF('06月'!G4="","",'06月'!G4) | F2502: =IF('06月'!F4="",0,'06月'!F4) -> 0
A2503: 6 | B2503: =IF('06月'!B5="","",'06月'!B5) | C2503: =IF('06月'!C5="","",'06月'!C5) | D2503: =IF('06月'!D5="","",'06月'!D5) | E2503: =IF('06月'!G5="","",'06月'!G5) | F2503: =IF('06月'!F5="",0,'06月'!F5) -> 0
A2504: 6 | B2504: =IF('06月'!B6="","",'06月'!B6) | C2504: =IF('06月'!C6="","",'06月'!C6) | D2504: =IF('06月'!D6="","",'06月'!D6) | E2504: =IF('06月'!G6="","",'06月'!G6) | F2504: =IF('06月'!F6="",0,'06月'!F6) -> 0
A2505: 6 | B2505: =IF('06月'!B7="","",'06月'!B7) | C2505: =IF('06月'!C7="","",'06月'!C7) | D2505: =IF('06月'!D7="","",'06月'!D7) | E2505: =IF('06月'!G7="","",'06月'!G7) | F2505: =IF('06月'!F7="",0,'06月'!F7) -> 0
A2506: 6 | B2506: =IF('06月'!B8="","",'06月'!B8) | C2506: =IF('06月'!C8="","",'06月'!C8) | D2506: =IF('06月'!D8="","",'06月'!D8) | E2506: =IF('06月'!G8="","",'06月'!G8) | F2506: =IF('06月'!F8="",0,'06月'!F8) -> 0
A2507: 6 | B2507: =IF('06月'!B9="","",'06月'!B9) | C2507: =IF('06月'!C9="","",'06月'!C9) | D2507: =IF('06月'!D9="","",'06月'!D9) | E2507: =IF('06月'!G9="","",'06月'!G9) | F2507: =IF('06月'!F9="",0,'06月'!F9) -> 0
A2508: 6 | B2508: =IF('06月'!B10="","",'06月'!B10) | C2508: =IF('06月'!C10="","",'06月'!C10) | D2508: =IF('06月'!D10="","",'06月'!D10) | E2508: =IF('06月'!G10="","",'06月'!G10) | F2508: =IF('06月'!F10="",0,'06月'!F10) -> 0
A2509: 6 | B2509: =IF('06月'!B11="","",'06月'!B11) | C2509: =IF('06月'!C11="","",'06月'!C11) | D2509: =IF('06月'!D11="","",'06月'!D11) | E2509: =IF('06月'!G11="","",'06月'!G11) | F2509: =IF('06月'!F11="",0,'06月'!F11) -> 0
A2510: 6 | B2510: =IF('06月'!B12="","",'06月'!B12) | C2510: =IF('06月'!C12="","",'06月'!C12) | D2510: =IF('06月'!D12="","",'06月'!D12) | E2510: =IF('06月'!G12="","",'06月'!G12) | F2510: =IF('06月'!F12="",0,'06月'!F12) -> 0
A2511: 6 | B2511: =IF('06月'!B13="","",'06月'!B13) | C2511: =IF('06月'!C13="","",'06月'!C13) | D2511: =IF('06月'!D13="","",'06月'!D13) | E2511: =IF('06月'!G13="","",'06月'!G13) | F2511: =IF('06月'!F13="",0,'06月'!F13) -> 0
A2512: 6 | B2512: =IF('06月'!B14="","",'06月'!B14) | C2512: =IF('06月'!C14="","",'06月'!C14) | D2512: =IF('06月'!D14="","",'06月'!D14) | E2512: =IF('06月'!G14="","",'06月'!G14) | F2512: =IF('06月'!F14="",0,'06月'!F14) -> 0
A2513: 6 | B2513: =IF('06月'!B15="","",'06月'!B15) | C2513: =IF('06月'!C15="","",'06月'!C15) | D2513: =IF('06月'!D15="","",'06月'!D15) | E2513: =IF('06月'!G15="","",'06月'!G15) | F2513: =IF('06月'!F15="",0,'06月'!F15) -> 0
... A3001: 6 | B3001: =IF('06月'!B503="","",'06月'!B503) | C3001: =IF('06月'!C503="","",'06月'!C503) | D3001: =IF('06月'!D503="","",'06月'!D503) | E3001: =IF('06月'!G503="","",'06月'!G503) | F3001: =IF('06月'!F503="",0,'06月'!F503) -> 0
A3002: 7 | B3002: =IF('07月'!B4="","",'07月'!B4) | C3002: =IF('07月'!C4="","",'07月'!C4) | D3002: =IF('07月'!D4="","",'07月'!D4) | E3002: =IF('07月'!G4="","",'07月'!G4) | F3002: =IF('07月'!F4="",0,'07月'!F4) -> 0
A3003: 7 | B3003: =IF('07月'!B5="","",'07月'!B5) | C3003: =IF('07月'!C5="","",'07月'!C5) | D3003: =IF('07月'!D5="","",'07月'!D5) | E3003: =IF('07月'!G5="","",'07月'!G5) | F3003: =IF('07月'!F5="",0,'07月'!F5) -> 0
A3004: 7 | B3004: =IF('07月'!B6="","",'07月'!B6) | C3004: =IF('07月'!C6="","",'07月'!C6) | D3004: =IF('07月'!D6="","",'07月'!D6) | E3004: =IF('07月'!G6="","",'07月'!G6) | F3004: =IF('07月'!F6="",0,'07月'!F6) -> 0
A3005: 7 | B3005: =IF('07月'!B7="","",'07月'!B7) | C3005: =IF('07月'!C7="","",'07月'!C7) | D3005: =IF('07月'!D7="","",'07月'!D7) | E3005: =IF('07月'!G7="","",'07月'!G7) | F3005: =IF('07月'!F7="",0,'07月'!F7) -> 0
A3006: 7 | B3006: =IF('07月'!B8="","",'07月'!B8) | C3006: =IF('07月'!C8="","",'07月'!C8) | D3006: =IF('07月'!D8="","",'07月'!D8) | E3006: =IF('07月'!G8="","",'07月'!G8) | F3006: =IF('07月'!F8="",0,'07月'!F8) -> 0
A3007: 7 | B3007: =IF('07月'!B9="","",'07月'!B9) | C3007: =IF('07月'!C9="","",'07月'!C9) | D3007: =IF('07月'!D9="","",'07月'!D9) | E3007: =IF('07月'!G9="","",'07月'!G9) | F3007: =IF('07月'!F9="",0,'07月'!F9) -> 0
A3008: 7 | B3008: =IF('07月'!B10="","",'07月'!B10) | C3008: =IF('07月'!C10="","",'07月'!C10) | D3008: =IF('07月'!D10="","",'07月'!D10) | E3008: =IF('07月'!G10="","",'07月'!G10) | F3008: =IF('07月'!F10="",0,'07月'!F10) -> 0
A3009: 7 | B3009: =IF('07月'!B11="","",'07月'!B11) | C3009: =IF('07月'!C11="","",'07月'!C11) | D3009: =IF('07月'!D11="","",'07月'!D11) | E3009: =IF('07月'!G11="","",'07月'!G11) | F3009: =IF('07月'!F11="",0,'07月'!F11) -> 0
A3010: 7 | B3010: =IF('07月'!B12="","",'07月'!B12) | C3010: =IF('07月'!C12="","",'07月'!C12) | D3010: =IF('07月'!D12="","",'07月'!D12) | E3010: =IF('07月'!G12="","",'07月'!G12) | F3010: =IF('07月'!F12="",0,'07月'!F12) -> 0
A3011: 7 | B3011: =IF('07月'!B13="","",'07月'!B13) | C3011: =IF('07月'!C13="","",'07月'!C13) | D3011: =IF('07月'!D13="","",'07月'!D13) | E3011: =IF('07月'!G13="","",'07月'!G13) | F3011: =IF('07月'!F13="",0,'07月'!F13) -> 0
A3012: 7 | B3012: =IF('07月'!B14="","",'07月'!B14) | C3012: =IF('07月'!C14="","",'07月'!C14) | D3012: =IF('07月'!D14="","",'07月'!D14) | E3012: =IF('07月'!G14="","",'07月'!G14) | F3012: =IF('07月'!F14="",0,'07月'!F14) -> 0
A3013: 7 | B3013: =IF('07月'!B15="","",'07月'!B15) | C3013: =IF('07月'!C15="","",'07月'!C15) | D3013: =IF('07月'!D15="","",'07月'!D15) | E3013: =IF('07月'!G15="","",'07月'!G15) | F3013: =IF('07月'!F15="",0,'07月'!F15) -> 0
... A3501: 7 | B3501: =IF('07月'!B503="","",'07月'!B503) | C3501: =IF('07月'!C503="","",'07月'!C503) | D3501: =IF('07月'!D503="","",'07月'!D503) | E3501: =IF('07月'!G503="","",'07月'!G503) | F3501: =IF('07月'!F503="",0,'07月'!F503) -> 0
A3502: 8 | B3502: =IF('08月'!B4="","",'08月'!B4) | C3502: =IF('08月'!C4="","",'08月'!C4) | D3502: =IF('08月'!D4="","",'08月'!D4) | E3502: =IF('08月'!G4="","",'08月'!G4) | F3502: =IF('08月'!F4="",0,'08月'!F4) -> 0
A3503: 8 | B3503: =IF('08月'!B5="","",'08月'!B5) | C3503: =IF('08月'!C5="","",'08月'!C5) | D3503: =IF('08月'!D5="","",'08月'!D5) | E3503: =IF('08月'!G5="","",'08月'!G5) | F3503: =IF('08月'!F5="",0,'08月'!F5) -> 0
A3504: 8 | B3504: =IF('08月'!B6="","",'08月'!B6) | C3504: =IF('08月'!C6="","",'08月'!C6) | D3504: =IF('08月'!D6="","",'08月'!D6) | E3504: =IF('08月'!G6="","",'08月'!G6) | F3504: =IF('08月'!F6="",0,'08月'!F6) -> 0
A3505: 8 | B3505: =IF('08月'!B7="","",'08月'!B7) | C3505: =IF('08月'!C7="","",'08月'!C7) | D3505: =IF('08月'!D7="","",'08月'!D7) | E3505: =IF('08月'!G7="","",'08月'!G7) | F3505: =IF('08月'!F7="",0,'08月'!F7) -> 0
A3506: 8 | B3506: =IF('08月'!B8="","",'08月'!B8) | C3506: =IF('08月'!C8="","",'08月'!C8) | D3506: =IF('08月'!D8="","",'08月'!D8) | E3506: =IF('08月'!G8="","",'08月'!G8) | F3506: =IF('08月'!F8="",0,'08月'!F8) -> 0
A3507: 8 | B3507: =IF('08月'!B9="","",'08月'!B9) | C3507: =IF('08月'!C9="","",'08月'!C9) | D3507: =IF('08月'!D9="","",'08月'!D9) | E3507: =IF('08月'!G9="","",'08月'!G9) | F3507: =IF('08月'!F9="",0,'08月'!F9) -> 0
A3508: 8 | B3508: =IF('08月'!B10="","",'08月'!B10) | C3508: =IF('08月'!C10="","",'08月'!C10) | D3508: =IF('08月'!D10="","",'08月'!D10) | E3508: =IF('08月'!G10="","",'08月'!G10) | F3508: =IF('08月'!F10="",0,'08月'!F10) -> 0
A3509: 8 | B3509: =IF('08月'!B11="","",'08月'!B11) | C3509: =IF('08月'!C11="","",'08月'!C11) | D3509: =IF('08月'!D11="","",'08月'!D11) | E3509: =IF('08月'!G11="","",'08月'!G11) | F3509: =IF('08月'!F11="",0,'08月'!F11) -> 0
...
